,ID,Fit_a,Fit_q,Fit_h,GFR_RSS,GFR_AIC,GFR_BIC,Poly1,Poly2,Poly3,Poly4,Poly_RSS,Poly_AIC,Poly_BIC
0,6,3.2979203461724895e-06,0.3613218845840608,3625.684386200537,1.0523717386016418e-07,-619.049124421472,-614.6519167130729,1.7349053407190284e-05,8.489073979237708e-07,2.5559871969062847e-07,-4.0509767802396025e-09,1.0311010619725005e-07,-476.8904724437166,-432.38413126252453
1,71,1.7953002186585717e-51,37.095067630497404,3138.6651852517557,1.2734416835408626e-08,-113.82430194638478,-114.44902353870062,-0.00037693204245430354,5.3845967774147235e-05,-1.4088368270230376e-06,1.1918904052800358e-08,1.967713107092562e-08,-94.18614682610503,-92.81086841842087
2,79,4.4090428157890455e-06,0.5388435528922162,2441.3011980034194,6.1671557708396996e-09,-206.0661317547927,-205.15837647581057,4.8577113654371876e-05,8.508196047626643e-06,-5.8093816973087786e-08,7.014102788042123e-11,3.975830304707964e-09,-174.07740255550019,-169.95930690454188
3,140,0.00356635126474762,-0.11121288604254864,3.0860606290912296,0.000561800733881428,-49.65673683731594,-50.281458429631776,0.03467937287192657,0.0009646011849822137,-1.3674543444144822e-06,6.145572770170267e-10,0.0003381330995832056,-35.67572014238458,-34.300441734700414
4,351,4.0296203225217736e-05,0.2752278719655458,1.4436896123015686e-11,1.0770134338641966,-56.37694189052452,-53.24337457735425,-0.02269347287477484,0.000760419034749681,-1.586427397862381e-07,1.136943291743412e-11,0.4460759583118878,14.70786054412044,35.509264423142056
5,450,1.1468328495631956e-05,-0.41851683750272406,3552.8027076779063,5.5944774554633544e-11,-146.39049329803777,-147.0152148903536,6.623718414942886e-07,8.781334989217376e-06,-7.13916532892843e-07,2.0666526543092e-08,1.0304221438124346e-11,-139.5140991546899,-138.13882074700572
6,687,6.757973571890367e-06,0.9068518544013097,9434.36396466743,1.859652254672877e-08,-1307.6781477469092,-1301.3951140602428,-7.98405380507326e-06,1.745529683152749e-05,-8.884444329431651e-07,1.4032876002339948e-08,1.821764196830623e-08,-1030.6405721558447,-909.2629321091849
7,691,1.110217322931454e-05,0.07407506517527522,4433.921428552226,5.8019499362512554e-08,-1239.4098749530729,-1233.1268412664065,2.5942170894526084e-06,9.9779596134561e-06,-2.160151874209098e-07,1.5194577330527399e-09,5.789571295659106e-08,-961.2653995873186,-839.8877595406589
8,695,9.721743399295396e-05,-0.22522120482954103,0.0,1.3747117876805277e-08,-92.55937278099289,-93.73105904369059,-0.0001680231702449736,0.00013022304422504643,-6.029403901552846e-06,1.1338102425737974e-07,6.334401673530442e-09,-84.2441566070216,-83.02528078215339
9,708,1.3860537063057957e-05,0.32029684092841637,3248.412187010376,1.3269657981979584e-09,-104.24904384069782,-105.42073010339553,-1.59236428571437e-05,2.1726969132588313e-05,-5.481085236220485e-07,4.075249156355466e-09,8.2494250884808e-11,-105.9492667864281,-104.73039096155989
10,713,4.8629001656830555e-05,-0.31868253154458953,4932.805866794315,4.501243821697991e-08,-624.8597397359993,-620.5577781225438,4.773507786913953e-05,7.465687803469932e-06,-1.8507957625411087e-07,1.494247625123041e-09,4.503492428077651e-08,-486.8700684250182,-444.7184266994341
11,721,6.835066969655302e-06,-0.11663479549212111,71702.85021657143,4.459881656580661e-12,-161.56595012325377,-162.1906717155696,3.3763471317561727e-06,1.6260208152310206e-06,-9.18452412197915e-08,1.5441353534503328e-09,1.4627202644987121e-12,-151.22763373055648,-149.8523553228723
12,814,2.8263118252580007e-05,-0.4084315033219708,1.5044533636654478e-06,1.3154716911603902e-07,-156.3701243383223,-155.77845060631364,-1.4853114792936943e-06,2.9692085192477218e-05,-1.521261519002156e-06,2.1494674234786052e-08,8.458700534372621e-08,-128.80349424777262,-125.6201467837553
13,920,0.003956110761697071,0.5332514199867294,1.103268512670534,0.009221464362307478,-32.86788539224616,-33.492606984561995,0.21688239393286388,0.006581976163360518,-1.8727249639025098e-05,1.5187184176026415e-08,0.038313927501611,-7.294945256258307,-5.919666848574142
14,39835,0.0001302859198782726,-0.11326364794214931,0.0,7.381402561100659e-07,-123.58858818522526,-123.35026356018575,,,,,,,
15,39836,3.0139441610316156e-05,-0.018862406561312724,160.70540268911046,9.81678186641794e-10,-224.44342666454898,-223.53567138556684,5.004926408636658e-05,2.5421311235284306e-05,-7.948393808019914e-08,1.190062553893608e-10,1.002835154918111e-09,-187.85142720084397,-183.73333154988566
16,39837,1.67390447190337e-05,-0.07075689020413287,111.38015812547165,1.1425106879983494e-08,-199.9003763828198,-198.99262110383765,-2.8019559424660662e-05,1.4843684775209564e-05,-5.132140908410213e-08,1.2333021359988755e-10,1.0498890255037587e-08,-164.36704301949635,-160.24894736853804
17,39838,6.138862914532833e-06,0.00443699601007106,173.99303372821257,4.68050152317004e-10,-231.85030755675976,-230.94255227777762,3.739928393440862e-07,6.2439955813712865e-06,-6.5771772000395915e-09,5.7616894040670765e-12,4.6456004659099024e-10,-195.54638321158882,-191.4282875606305
18,39839,1.271643008280411e-05,-0.2563967467569578,0.0,1.5649940382039252e-09,-219.77968915409957,-218.87193387511743,3.627147065392852e-05,4.883522678506196e-06,-1.917204914063239e-08,5.323285839000379e-11,7.9775309734189e-10,-190.13929994765266,-186.02120429669435
19,39840,0.32095957589923035,-0.5590448919776244,0.0,1.2245459966130752,-115.71415601389933,-110.963599198531,0.21022160717450475,0.027060661165673912,0.06005594715289806,-0.010215569642113818,1.184289944187795,45.24605471025429,99.50217967930593
20,39841,2.421234145564671,0.2790666992858533,1.0209121467017472,0.8960193663997817,-150.75797806504477,-145.61726186493183,0.11476658630708818,0.8181974991192639,-0.27715232424262454,0.029859074119177053,0.8489778551685754,33.38389575385802,100.4996342886217
21,39842,1.1252440068057612,0.24697700522397542,0.9960834810663368,1.8659683729931975,-92.68773262852659,-88.1086510546781,0.11927140151381797,0.4085126707953987,-0.03891724106815743,-0.003069907997519911,1.5655067307113268,53.83068750093462,103.14786376403563
22,39843,2.3952276385491857,0.28865553656213455,0.9628885133667537,0.5251418855065237,-105.33615653919351,-101.3395430086679,0.11965143637613486,0.8414968504121838,-0.29294396727590166,0.033775990534935095,0.5508336652659023,19.461804561487977,54.76691731586807
23,39844,1.6294283319200336,0.16267780221841868,0.9452006670223723,1.156632530998308,-144.87058667240322,-139.65757781755312,0.13644717610063772,0.6149614462916646,-0.1535333674883422,0.012363012545761878,1.1273743461757315,45.24414916642398,115.01326427947534
24,39845,0.695507156623371,-0.15979148797532472,0.868572274354857,0.5966678437448714,-82.66676463380568,-79.13260314276185,0.13159678018562762,0.3344868781033423,-0.058030502985234655,0.0036378209029861853,0.611092151957908,22.015577433923312,48.75470787123017
25,39846,-0.16115157658083615,-1.2154138735524487,9.98070550175319,0.5763994523134768,-78.78831736233712,-75.38183471454968,0.19326216077029154,0.025693290871633672,0.03749670705528886,-0.004338404498262082,0.5765621588447639,20.48934670860925,45.19923102719224
26,39847,0.4160007724532197,-0.1036470087557579,0.8768048354245577,0.5286453319066159,-120.21416652283791,-115.91220490938247,-0.04290734303756257,0.5393362682937138,-0.19027828892818888,0.023231524900795976,0.4615995500854636,13.555802026968792,55.70744375255289
27,39848,0.6995274384131813,0.29651357160948316,1.1003620457516536,0.74984888435278,-81.66898512877368,-78.01235765416908,0.06938746263284881,0.2709267334622541,0.03771585766824545,-0.01645195756290502,0.7173632068943894,26.170705990107543,54.985974137207954
28,39849,1.5062184077839558,1.103060077455948,1.5927215872905314,0.47630104529450995,-73.51077990003633,-70.37721258686605,-0.038485783918559724,0.619682344627112,-0.1669873924601278,0.011505898040335506,0.42564926467332825,13.723515724375524,34.52491960339714
29,39850,0.5530997795792368,0.005846183603971891,1.221179909533317,0.24451306514667231,-76.70558477509347,-73.87226783759415,0.2146588927529897,-0.20166513831992763,0.2952933903038573,-0.056833430446992475,0.1406365528621882,-7.294627100897799,9.816396565765245
30,39851,3.392085440121084e-11,1.5706765544315386,83508.62542341911,8.818908407673435e-12,-129.31780464652795,-130.48949090922565,-8.197821910095266e-06,1.7580831337807306e-07,-5.658199005976291e-10,5.974169065943403e-13,5.283645142431264e-12,-119.68982867272356,-118.47095284785536
31,39852,4.1077437881930964e-08,0.12267329588307803,23526.6470871758,2.360629111934291e-12,-135.90765435997923,-137.07934062267694,-3.2012660452837282e-06,1.2968537204097968e-07,-3.473938508444511e-10,3.9452230379767534e-13,4.846124469972653e-13,-131.634938738937,-130.4160629140688
32,39853,1.854587359234753e-17,4.593934627636094,43824.852836002596,2.016977633328412e-11,-125.18136882768317,-126.35305509038088,-1.4311378645057788e-05,3.228656063428438e-07,-1.0006583350616684e-09,1.0360998947738078e-12,1.8181137382814308e-11,-113.51098656424945,-112.29211073938124
33,39854,5.370666444585453e-09,0.4605870847527969,21012.538823417486,1.6236696281845185e-11,-126.26592572622428,-127.43761198892199,2.434123656882662e-06,-1.822082292352034e-08,3.582850150074997e-10,-4.977112980392597e-13,1.313508149019704e-11,-115.13647667392512,-113.91760084905691
34,39855,3.227187656663145e-07,-0.46238277831815305,0.0,3.112892735271151e-12,-134.52453297262528,-135.69621923532299,6.935940500004973e-07,4.686176117440293e-08,-1.474744314543925e-10,1.8670155677624746e-13,2.509177751026911e-12,-123.41313425855495,-122.19425843368674
35,39856,3.1863492029683486e-07,-0.20266088336225893,15240.339370521026,1.0991807882616e-10,-116.70361838984648,-117.87530465254419,-1.7849635640671844e-05,5.112617660388626e-07,-2.167761369428469e-09,2.7997208535387055e-12,2.742116855027083e-12,-122.96925882504115,-121.75038300017295
36,39857,7.534764905795253e-08,0.12408192299078376,8696.836389827025,2.6983627160511425e-11,-123.72614373878292,-124.89783000148063,-1.1286132165358835e-05,3.41787694649577e-07,-1.052968214691247e-09,1.276681262829298e-12,3.878531309137297e-12,-121.23562704275503,-120.01675121788682
37,39858,1.3948639290394338e-08,0.38340983949293883,6430.424523037455,1.8294872561865506e-10,-114.15626551328694,-115.32795177598464,1.3013533072311308e-05,-1.8440319420078278e-07,1.340272830995004e-09,-1.7168375402832988e-12,1.4198108034426235e-10,-103.2344407512056,-102.01556492633739
38,39859,7.16073567535025e-08,-0.3772708858232164,0.0,5.670841390356479e-13,-143.03853310632653,-144.21021936902423,1.9424094212622826e-07,1.7737743399793335e-08,-6.292168113549453e-11,8.776649526648223e-14,3.602803237367945e-13,-133.11727417725157,-131.89839835238337
39,39860,3.92066213775535e-08,0.21606262589413447,37211.935165396804,1.8021963014738926e-11,-125.74433923390177,-126.91602549659947,7.0727841189222635e-06,-6.065721139550074e-08,6.011035250126796e-10,-9.202036479427842e-13,9.611384928316658e-13,-128.21109364550057,-126.99221782063236
40,39861,8.752123934915362e-11,1.83456325682633,65257.54256422491,2.0642709914255446e-11,-125.06548401036153,-126.23717027305923,-5.106457677816334e-06,2.145540526148846e-07,-6.779162876056925e-10,6.55210023691443e-13,1.1375166712108375e-11,-115.8557467060708,-114.6368708812026
41,39862,4.503031399218015e-08,0.06392566429199868,20775.869613639174,1.2887532696188243e-11,-127.42099320988086,-128.59267947257857,-7.294327187549116e-06,2.0017355396334862e-07,-7.132062229652916e-10,8.888910394891975e-13,2.3216931524575558e-12,-123.80142617680505,-122.58255035193685
42,39863,1.8297772757438114e-07,1.3834425508971446,597.5924945106633,9.329097334271147e-09,-94.49782743970039,-95.66951370239809,-3.7967737151855735e-05,1.11143970087781e-05,2.1259489833642476e-07,-1.6548290871227557e-09,8.52137253318587e-09,-82.76124629830035,-81.54237047343214
43,39864,8.20804054925469e-06,0.7638658834224326,632.5862650987242,9.615743742700486e-10,-105.85943556995204,-107.03112183264975,-0.00010297214583689726,5.502949399691155e-05,-6.291601679486539e-07,2.3497769978566993e-09,1.6851203276659855e-09,-90.86494855319377,-89.64607272832556
44,39865,2.5948318847071168e-05,-0.31020170153069065,0.0,2.678292830428844e-09,-100.73762080701025,-101.90930706970795,3.863697490593282e-05,1.0391352467624803e-05,-9.270957108922483e-08,4.4600351800903094e-10,1.3053709940505044e-09,-92.14169697984778,-90.92282115497957
45,39866,4.672964091210559e-05,-0.25514892255447186,0.0,2.9621009817161596e-08,-88.72109924356377,-89.89278550626148,5.925203659383084e-05,2.2974933127950726e-05,-1.8352520394181847e-07,8.724812117387778e-10,2.397709730939083e-08,-77.58863793506235,-76.36976211019415
46,39867,3.6570643350947114e-06,0.5928589694004534,1171.3363298875113,6.202788591832471e-10,-108.05144939282405,-109.22313565552176,-0.00010990097807731318,2.5041947340388244e-05,-2.728394576302239e-07,1.0484616032053044e-09,6.314297615109329e-11,-107.28590172093438,-106.06702589606617
47,39868,9.831647490131108e-06,0.5757779073157973,578.2064710403847,7.640007907512827e-08,-103.07424944992655,-103.69897104224239,9.803324319937145e-05,2.948651977125155e-05,-1.6005468835204597e-07,2.0152074024650213e-10,7.178500879738985e-08,-86.42083545980127,-85.0455570521171
48,39869,3.7742529447210566e-05,0.30995901956918415,209.6001563286656,6.717117024199485e-07,-90.03117643176175,-90.65589802407759,-0.0004627807373254291,0.00011418583772668509,-1.117303515565755e-06,3.686984663195056e-09,3.913007201660531e-07,-76.24603122063384,-74.87075281294968
49,39870,0.00013960120750161655,-0.28601127986702785,15.828592044100194,6.612127777955532e-08,-103.9412082494924,-104.56592984180824,0.00035057234579470646,4.127107608921358e-05,-1.040476935057383e-07,1.2694653485695605e-10,7.486052531264441e-08,-86.1691291202758,-84.79385071259163
50,39871,0.00010129600420940056,-0.01784075614116351,107.61873631959993,1.5085606576897444e-06,-85.17668422670405,-85.80140581901989,-0.0009262491634607073,0.00016182378081285866,-1.7322315949855078e-06,6.242006645035442e-09,3.220523558923243e-07,-77.41460466899461,-76.03932626131045
51,39873,2.834545048771553e-05,-0.12478815557652136,899.9335989620712,1.8058711770594547e-08,-111.72838254756981,-112.35310413988564,0.00016768956456156894,4.389507368698674e-06,3.7404032385093496e-08,-2.7223562593023546e-10,9.801130572873695e-09,-98.36790297698177,-96.9926245692976
52,39874,2.6313085823363705e-05,0.24864088080543326,444.6152033652761,6.514957887364144e-08,-104.03003679944851,-104.65475839176435,0.00016170788884785732,3.07244748717994e-05,-1.634013236507172e-07,2.430968433607269e-10,5.785675174053442e-08,-87.71506849066134,-86.33979008297717
53,39875,0.00019434399807757385,-0.07901119424729051,279.49787831577305,6.101984889806454e-07,-90.60744606098389,-91.23216765329973,0.00038042302612912215,8.170171951452964e-05,-9.70480459136626e-07,3.632962196926804e-09,3.1608008115122623e-07,-77.52691582151603,-76.15163741383186
54,39876,1.7919674098226033e-05,0.6304440959700074,176.08512788367221,1.0899937071823828e-06,-87.12658862517068,-87.75131021748652,-0.0005045190003529351,0.00012967216961913832,-1.0177476820803116e-06,2.6668445384277197e-09,8.422016743304713e-07,-71.64677241597293,-70.27149400828877
55,39877,1.7803819790493985e-05,0.6282651779589185,155.00955101847768,4.2967140426877347e-07,-92.71202739442438,-93.33674898674022,-0.0005051710328500586,0.0001315745460205342,-9.540101922190641e-07,2.3608788782798024e-09,3.0320829140667303e-07,-77.77636944025637,-76.40109103257221
56,39878,9.060029968823258e-06,0.11514032709552112,1272.3421617716588,5.898220612593991e-09,-118.44224755101776,-119.0669691433336,3.3978018988773816e-05,8.133816934580848e-06,-3.343588769381647e-08,2.6565323349616377e-11,5.647824463776987e-09,-101.67526691650049,-100.29998850881633
57,39879,3.003142542052892e-05,0.16193672259916964,695.7309501302047,1.3385033504668589e-08,-113.52532875632909,-114.15005034864492,0.00014315639161882463,2.3912651236394507e-05,-1.8436202161445132e-07,4.947027097734905e-10,2.4938076717773823e-08,-92.76451451313109,-91.38923610544693
58,39880,7.450646416810798e-05,0.07402457226276661,286.90321184899653,2.085952598669711e-07,-97.0477769245102,-97.67249851682604,0.00027253738217489063,5.2760277249990574e-05,-4.0551466302803103e-07,1.1229785686244681e-09,2.41644083336862e-07,-79.13809395723825,-77.76281554955409
59,39881,0.00024294645951591755,-0.2847304609672142,148.38615684805475,7.10351874692382e-08,-103.51109972245843,-104.13582131477426,0.0005466131344307994,5.791644273249586e-05,-4.2616820973797277e-07,1.2257417679409704e-09,1.0175816124279914e-07,-84.32729525930718,-82.95201685162301
60,39882,5.7711879527440194e-05,0.17226833168804145,173.43676642004,1.766026262189953e-07,-98.04673888267766,-98.6714604749935,-6.00375139745411e-05,8.45747662212138e-05,-6.003415690309468e-07,1.5860815582347067e-09,2.062672278593535e-07,-80.08785413414182,-78.71257572645766
61,39883,3.3386524712232094e-05,0.6485622669814538,1226.7565324422114,7.792889095598826e-08,-1007.9746042952495,-1002.2385352789651,-5.469033749999735e-06,5.5152311458333235e-05,1.004773437500018e-06,-1.1366536458333404e-07,5.415413630481986e-08,-796.2788709690778,-704.413789713955
62,39884,5.218608075218178e-05,0.3583143210545471,10961.453579670424,1.055174311568434e-10,-116.90791432429532,-118.07960058699302,1.7780844949531833e-05,1.841840130609152e-05,-1.480574507199866e-06,3.615895758760351e-08,6.817354569828031e-13,-129.9284777566451,-128.7096019317769
63,39885,6.50339954934742e-05,1.3638119120792211,9634.970977675806,1.8515714716781118e-09,-125.39394350104445,-126.01866509336028,-1.8935872269872574e-05,6.704624820318127e-05,-1.0804986623815997e-05,5.08932209663959e-07,1.1838243184479874e-09,-111.05038856401116,-109.675110156327
64,39886,5.60538363671126e-05,0.6650820854185798,12082.240200263013,9.040534063181814e-11,-117.68077842461972,-118.85246468731742,1.4376412723844044e-05,2.200401165307474e-05,-2.1250314712628812e-06,5.933315752548803e-08,1.30744314025981e-12,-126.6725426665748,-125.45366684170659
65,39887,1.620451120820788e-05,-0.30887775164771236,0.0,2.8833297531600527e-10,-111.88171525889123,-113.05340152158894,1.1737264197530836e-05,7.948592592592629e-06,-1.4189351851852259e-07,1.8155864197531866e-09,3.032558172000005e-10,-99.44002615730349,-98.22115033243529
66,39890,1.2423430357940164e-05,-0.0737545490180122,5.85602029756771e-07,4.0448474519003614e-08,-106.88997825682506,-107.5146998491409,0.00019257698053075386,-7.929347236000888e-06,4.102511711860669e-07,-2.8612932956104213e-09,1.768712838820636e-08,-94.82586644661858,-93.45058803893441
67,39891,0.0001365712921131579,0.03930009521243789,1107.5821638519594,4.0435185924012374e-08,-106.89194976924742,-107.51667136156325,0.00010720218167162714,6.079766610174171e-05,-1.759114927799826e-06,1.5812360682441715e-08,1.6154291229872983e-08,-95.36977508737967,-93.9944966796955
68,39892,3.4832064510397744e-09,1.9634959347151144,451.507591431189,3.4805180100626393e-07,-332.4917163850439,-329.6583994475446,-3.551197821164535e-05,9.237367295713848e-06,3.7958267425215096e-08,-1.2607966729690884e-10,2.0458006141017775e-07,-262.66849869745914,-245.5574750307961
69,39893,4.10066575192066e-09,2.3043393261728746,1381.6593652843853,8.263085307704251e-08,-339.58658028221765,-336.91546500852917,-0.00029315343713987426,2.517280149048817e-05,-2.1441665986116642e-07,6.158828520660002e-10,8.456190643680425e-08,-264.0889795515296,-248.7334031830871
70,39894,0.0001139533296864513,0.17400773418713897,796.4118137796725,2.05543479093496e-08,-131.52272443239016,-131.68499398522422,6.186117391703185e-05,9.038090515680872e-05,-2.8802177803356822e-06,3.0689289355348996e-08,2.5432752897958875e-08,-108.16682764446884,-106.38318704824759
71,39895,0.00016653621900259411,-0.030224907782933765,145.06954338940798,7.131531656692198e-08,-142.28477004532644,-142.04644542028694,-0.00011958725192551495,0.0002261048440148166,-1.0569509723308643e-05,2.3324923233942735e-07,4.3305082896663105e-08,-119.57248236947345,-117.17527466107427
72,39896,5.839991642778578e-05,-0.09075641611568278,2.9862472938901874e-07,9.047430208292272e-08,-140.38113218502417,-140.14280755998467,0.00018482574001334415,3.222400802330591e-06,2.296422586374506e-06,-3.360189029094739e-08,5.1429338888186564e-08,-118.19697205686043,-115.79976434846125
73,39897,0.00010216429747064769,0.19185399133220019,1575.0064091575014,5.286817045115659e-08,-144.67924730917215,-144.44092268413266,2.8788267721093432e-05,7.738536500610027e-05,-3.925352180997781e-06,6.504172658333605e-08,4.591380057958098e-08,-119.104516592957,-116.70730888455782
74,39898,0.00012462867043201467,0.25816577112890543,311.6929505094063,3.406678415409911e-09,-166.61575707019426,-166.37743244515477,-3.946168648829925e-05,0.00017142739222876768,-3.861231432322401e-06,2.2720609485043726e-08,2.991638358911848e-09,-140.95207303006083,-138.55486532166165
75,39899,7.943902044316287e-05,0.5912667156343895,494.78635404393225,2.881507171810364e-08,-149.53447043860075,-149.29614581356125,-3.63069055927533e-05,0.00015544904819039693,-3.0670640065249575e-06,-1.8511306441766746e-08,1.7395293590632645e-08,-126.86904500704478,-124.4718372986456
76,39900,9.844864933570233e-05,0.3614063577304136,787.0147505278602,1.0950270640487658e-08,-157.2747456531432,-157.03642102810372,-3.340252380816818e-05,0.000137753798136055,-6.265449696167046e-06,1.0221186181055146e-07,9.341063215324103e-09,-131.84328185470142,-129.44607414630224
77,39901,2.419648950900292e-05,1.5347546833056294,591.415623574199,1.5154112339665435e-07,-136.25480279158674,-136.01647816654724,-0.00012223797434814248,0.00018565480611083568,-2.71937536220192e-06,-9.971079409116576e-08,3.426183036485737e-08,-121.44638716029658,-119.0491794518974
78,39902,-9.625439916844533e-17,21.16160590725347,2244.0480772894225,6.153622930219167e-08,-143.46465026333723,-143.22632563829774,-7.725597180469696e-06,8.188138474684167e-05,-4.248241508259395e-06,6.994412288131503e-08,1.5207765964509378e-07,-109.52351202501944,-107.12630431662026
79,39903,-3.064610411298805e-14,15.601496863725412,5072.166628557013,4.7193517464802706e-08,-145.58760669851515,-145.34928207347565,3.8055305836794814e-05,5.7661101985323516e-05,-4.3129811968970045e-06,9.012027018052911e-08,2.1664371359668122e-07,-106.69260944682529,-104.29540173842611
80,39904,5.677416732746264e-05,0.5556400668993534,385.8771945190174,1.7802443271197747e-08,-153.38697334656794,-153.14864872152845,-0.00010391592343082268,0.00015029889293144197,-2.8793832121974938e-06,8.836609904758935e-09,2.6847518169577692e-08,-123.39725542957663,-121.00004772117745
81,39905,0.000129821415733938,-0.1883106019644341,0.0,5.668440812639421e-08,-144.12166555729135,-143.88334093225185,3.051946801688128e-05,0.00010063332770473929,-2.386964895716729e-06,4.737087210933364e-08,5.907348344198049e-08,-117.0883852897048,-114.69117758130562
82,39906,9.116397519145246e-05,0.2495701368786068,1144.233814227226,1.7365197702703046e-08,-153.58591445895675,-153.34758983391725,1.2971280262925943e-06,9.460114745235027e-05,-4.619699271474242e-06,8.253040219956687e-08,2.0073970040434883e-08,-125.7232508742606,-123.32604316586142
83,39907,0.0017847108104827472,-0.38964225536335845,0.0,0.00021224642365868853,-248.0737107906292,-244.80058343055427,0.001708148652047231,0.0007155693006762169,-1.3402390822261748e-05,1.069518101476286e-07,0.00017557725213121259,-157.81312994706417,-135.08332333325615
84,39908,9.135688028742854e-06,0.38603577400107597,5722.347757221883,5.923565127052679e-10,-180.61083189261572,-180.37250726757622,2.5537271272928264e-05,7.000968719423042e-06,-1.1068023994634365e-07,5.232927911692141e-10,1.5612297112487194e-09,-146.15485220032534,-143.75764449192616
85,39909,1.2284017613092218e-05,-0.004073915375294557,1285.2700863122257,2.776347514948362e-09,-168.25256926653287,-168.01424464149338,-8.75121374784956e-06,1.3032955011148269e-05,-1.6061708624606957e-07,7.349279597955156e-10,1.776397930641297e-09,-145.1219410615908,-142.72473335319162
86,39910,0.19618291990266767,0.0,21154.742967890397,1941691295.1015842,713.9178311083269,718.9844694706687,-187.064067629227,0.0010364064414004096,-2.930656695751077e-11,3.0514910440833824e-19,358720626.273079,827.8820822398751,892.3706220420908
87,39911,0.1963642707903198,0.0,14564.384887890395,1231721076.2349339,728.1483636772548,733.361372532105,-1061.4617722647115,0.0009375244017213452,-2.766052880600399e-11,2.3135110687572677e-19,216569423.98114428,846.3324250211685,916.1015401342199
88,39912,0.00023946773712509348,0.46912826288138015,36.54847637256834,1.6909205969221554e-06,-116.95743189692075,-116.71910727188124,-0.00023873414697128897,0.0005527292716489145,1.2042667921264147e-06,-7.532763132305209e-08,1.9485082983033992e-08,-125.96144891695263,-123.56424120855345
89,39914,,,,,,,4.057741017036795,1.2144797526313093e-05,-9.978539756778295e-12,1.2026463823562255e-18,23.857029542185103,55.73266777955605,60.91582996194302
90,39915,0.00035734474697619943,0.6447333087952793,20.599574931152553,0.000599466840365458,-112.8525185635861,-111.3977986142221,0.019222770034550498,0.00016997079595543904,-2.8711016116819203e-07,1.4201588875745226e-10,0.0007743787488246124,-63.725748574488975,-57.361588726396974
91,39916,0.027515596945664324,-0.727333246963817,0.0,0.009892117655354499,-39.93349029120926,-40.09575984404332,0.020209199895034342,0.00028666714499095435,-7.266144202202896e-08,5.319066981552133e-12,0.0007846706295466014,-35.80795713750152,-34.024316541280264
92,39917,9.213214733723394e-05,0.229368796562337,264.4119023912057,4.801972133716544e-09,-97.81838527328034,-98.99007153597805,-0.00026184336326893684,0.00019376291760640215,-6.318851421141657e-06,8.943740275748636e-08,2.762031793546538e-09,-88.39430058495373,-87.17542476008552
93,39918,0.006480892945873564,-0.6386543373425526,0.0,3.6791653977955076e-05,-105.66717698932123,-105.07550325731258,0.015410957343096013,0.00017607885202102738,-1.45066616625148e-07,-8.628671891203338e-11,1.8991568997286345e-05,-80.07776632671025,-76.89441886269293
94,39919,0.0002675498115163424,-0.005088622635180799,6.736496750825169,1.46145546128075e-08,-92.25342912972084,-93.42511539241855,0.00016468295868449651,0.00023211397992643437,9.80046411444368e-07,-1.7455425819623728e-08,6.7487281290267495e-09,-83.92736310585191,-82.7084872809837
95,39920,0.0003036532083121315,-0.05511639743978553,0.0,8.440296759226018e-08,-83.48550593675499,-84.6571921994527,-0.00011427825477718637,0.0003203576422413692,-3.650968080488907e-06,4.4111602382213946e-08,4.480101364129215e-08,-74.46297958942245,-73.24410376455424
96,39921,4.161232096703769e-05,1.044305604684377,145.50048365425297,3.5605532938270084e-07,-76.28808805495264,-77.45977431765034,-0.0006085877514110739,0.00039867875322176065,-6.366134770662282e-06,2.3017634216486336e-08,1.630819898322e-07,-68.00286801761771,-66.78399219274951
97,39922,0.00026711362933697086,0.10696087521908025,171.12805343909605,2.738411979619431e-07,-77.60077690244857,-78.77246316514628,0.0003324210293180624,0.00019659906209147264,-2.7503709989587104e-06,9.582852098220895e-09,2.698562209505733e-07,-65.48468690403567,-64.26581107916746
98,39923,0.000141482763525334,0.6794413143671447,364.20296680683555,5.907100995274176e-10,-108.29566828318889,-109.4673545458866,0.00012563938845180757,0.00023948388283887289,-7.508817453124085e-06,7.466861008457205e-08,8.16474841703558e-09,-82.9750038469448,-81.7561280220766
99,39924,2.2517959773523835e-05,0.4557561136957573,67440.43955024042,3.5175257861260794e-13,-176.80564702416342,-177.43036861647926,1.2723841421713306e-06,8.561434180611672e-06,-1.5933594134550228e-06,2.8549235565388386e-08,3.576357256939021e-13,-159.67886313212637,-158.3035847244422
100,39925,0.0010466526337957938,-0.011116117902769134,0.495343087979917,0.3640160217331886,-159.3867480607075,-154.63619124533918,0.17017805126709243,0.0003448400418907704,2.0601145574504246e-07,-7.221153997853899e-11,0.3132821141246597,-2.626549560762328,51.6295754082893
101,39926,3.5221153248903104e-05,-0.4330823328911056,2501.9459043403426,1.5778563893003265e-11,-126.40903362567178,-127.58071988836949,2.4209453858267722e-05,9.807271796025505e-06,1.2048033745781796e-07,-3.11956430446195e-08,2.222903461867237e-12,-124.01883877437265,-122.79996294950445
102,39927,1.2054081830389568e-06,1.7538384767068849,21091.68041213259,2.1937798718234065e-11,-124.76123955221837,-125.93292581491608,-6.912066141732208e-06,8.20858893888257e-06,-2.4535376827881e-08,-2.4205643044620277e-08,4.287214506186729e-11,-109.2217982308128,-108.00292240594459
103,39928,5.3170755343927374e-05,-0.7355473452394938,0.0,5.197792929299297e-11,-120.44819918276588,-121.61988544546358,4.199477669291338e-05,1.490206444694415e-05,-2.000669268841399e-06,9.991721784776914e-08,2.8006417162654313e-11,-111.35074146828158,-110.13186564341338
104,39929,1.9630421133530714e-05,-0.47218112942409884,0.0,1.0861555540845656e-10,-116.76322197657386,-117.93490823927156,3.0213464566929085e-05,-8.064193850768589e-06,3.0557986501687137e-06,-1.7391076115485484e-07,3.237708098987656e-11,-110.62565583159869,-109.40678000673049
105,39931,2.0154533761856647e-05,-0.2814794534707845,2525.433832553577,3.6743004355063645e-10,-135.09748585385626,-135.7222074461721,5.288151661029613e-06,1.2395625818669748e-05,-4.81048888339816e-07,7.162938497042269e-09,2.143170147569756e-10,-121.30468333508041,-119.92940492739625
106,39932,0.8044006094629768,-0.7654558219672927,0.3946386969522846,0.19589433632107242,-163.18068509059282,-158.69116240619337,0.2728326810681699,1.34310652457068,-2.0905493372746218,1.0816611196046322,0.1765577523264972,-18.96034550376345,27.93488134023096
107,39933,0.011622844393250516,1.067115303658722,844.3361266404002,2.3342286298684123e-07,-301.76166766499773,-299.2620276328291,0.00045107500397950585,0.0008859537222439145,-0.0003483554142369062,4.249172468832137e-05,2.1301356014514534e-07,-233.07318690036857,-219.40820008358153
108,39934,55.0465029084484,0.38879482660329234,0.0008869309945591652,239662.67864667496,176.93908710251247,179.61020237620096,30.668291239733342,68.65516506254959,-1.473767345438755,0.009910166666795553,194014.10466670268,248.2174460709002,263.57302243934265
109,39935,6.3454960531250556e-06,0.5484840862033069,7258.181762721263,1.5164330125256879e-10,-165.88780142971146,-166.05007098254552,-8.27662321365166e-06,1.4733935868293473e-05,-6.395439677111635e-07,9.929582106569582e-09,1.434183871471022e-10,-144.41301639091986,-142.6293757946986
110,39936,1.6072930330930773e-09,3.2070534838148586,3380.4299461960304,1.1233646282013142e-08,-114.57667139363635,-115.20139298595218,-9.42146811664422e-05,1.991031881881939e-05,-3.0446458450057823e-07,1.3789386461930631e-09,7.2029391909306186e-09,-100.2159544564802,-98.84067604879604
111,39937,1.235962334603869e-06,0.17276066851377644,236674.08654739897,7.742805108878349e-15,-164.50725134116323,-165.67893760386093,2.651428571428497e-07,8.082161120988935e-07,-6.9654199475066e-08,2.0349643794525858e-09,2.7256191685717433e-15,-157.53820810402902,-156.31933227916082
112,39938,8.029917039486425e-07,0.0809451087633704,294203.0400858723,2.1531712028709312e-16,-182.41928833415736,-183.59097459685506,1.0280952380951874e-07,6.069769917873189e-07,-5.458103674540707e-08,1.7013029621297432e-09,1.281517399034794e-15,-161.31146198560165,-160.09258616073345
113,39939,7.992950386590763e-06,-0.23241282290276544,2.119749931139836e-09,3.557291093240624e-05,-432.7091853255784,-428.3119776171792,0.000472373962544379,1.2420769404987132e-06,-9.555656360655672e-11,8.515557819136803e-15,3.476688404091849e-05,-290.6305301971255,-246.12418901593344
114,39940,1.166643753011612e-06,-0.08971731706915236,2041.0744146360353,8.493183471193178e-08,-1647.0754785140036,-1639.929398609982,3.114180865694584e-05,3.6964940502382433e-07,-1.3790271994423635e-10,1.7372661913706474e-14,1.0041795026456098e-07,-1258.6459541150616,-1073.2299032451729
115,39941,0.003042404492196604,-0.5212765747655798,3.942179915839006e-12,3.1164398430062247e-05,-107.16112891170701,-106.56945517969835,0.0032292405853770367,0.0008803076022584103,-2.992852782015132e-05,3.667953058763635e-07,2.2155889960229518e-05,-78.6907922579046,-75.50744479388729
116,39942,0.0071411732764020555,-0.16892392330335826,13.488975217785091,0.003749600929734121,-184.8972629686887,-181.62413560861376,0.012136653537305052,0.0011486303129344332,2.1428326097717534e-06,-1.1489393389286986e-07,0.0034006473404717664,-92.61300687985607,-69.88320026604806
117,39943,0.0228213993660893,-0.4549960285354584,0.6274535932940746,0.0028351498392828337,-94.20680567549473,-92.75208572613073,0.027490605674257068,0.00439314975790508,-3.2548552158964344e-05,9.920229555396128e-08,0.0030667161823365163,-47.21013024828213,-40.845970400190126
118,39944,0.026330316360987285,0.2953846203717747,1.833622935544371,0.05930137210395671,-138.0762399659384,-134.54207847489457,0.01226618418559146,0.029122550981007574,-0.0005770955227924998,3.593549844905081e-06,0.042774148389812194,-41.80795517769813,-15.068824740391278
119,39945,7.880121973580389e-10,3.886549655056585,13752.650913005378,1.575549507278307e-10,-114.90342368718056,-116.07510994987827,-3.670711811023609e-05,1.0238864416947843e-05,-2.9555160854892963e-07,2.565490813648274e-09,1.1762775703037312e-10,-104.1752846258472,-102.95640880097899
120,39946,2.086946508337636e-06,0.7765333682187262,3553.1932214989374,5.80085006346097e-10,-108.38642186447879,-109.5581081271765,2.4265140157480102e-06,7.380701219347587e-06,6.55397318335206e-08,-1.990605354330708e-09,5.958004944026958e-11,-107.57630592427664,-106.35743009940843
121,39947,2.009527510961536e-08,0.23568127120370705,15023.324782606129,3.692157348121489e-10,-259.29288795172437,-258.09920213332924,1.802585719658488e-06,5.8359798028862366e-08,-2.3054807575127458e-11,3.177122908323502e-15,3.561381267724909e-10,-218.47292737181283,-213.28976518942585
122,39948,818293.3138170548,6.149917041577738,4.224459190801384,0.007918300027560322,-26.24008325806907,-27.411769520766768,-0.04733517416138996,1.5057487399246194,-2.0172451632072406,0.6981671215302133,0.003894763228288251,-17.598416180806723,-16.379540355938524
123,39949,,,,,,,0.1284471711868208,0.4720901806706642,-0.6567409380027864,0.2860825222178566,0.0005307111845156479,-27.5642671967624,-26.345391371894202
124,39950,91266963243160.52,14.407650054348974,6.084054153843826,0.00642612950158113,-27.284103890870682,-28.45579015356838,-0.00573973081718983,1.012246634352318,-1.4119796929157646,0.47281881572992557,0.0011001948175124441,-23.91914427027318,-22.70026844540498
125,39951,9.803287135056579e-06,0.5608414402935199,3079.690397643649,1.1730917109733636e-09,-128.1322953275183,-128.75701691983414,8.426582109480482e-07,1.9194998353628035e-05,-3.7291536866972895e-07,2.2544232526699702e-09,1.3589603826216736e-11,-137.85359065721738,-136.47831224953322
126,39952,3.5240600464044385e-11,2.8310383711243308,6.950481301615241e-08,9.95308629795324e-10,-129.1183662923717,-129.74308788468753,1.8811762349799767e-05,7.811315452662347e-09,-6.664733739731798e-08,2.0848676277855296e-09,6.334779825955001e-12,-142.43309076452957,-141.0578123568454
127,39953,1.4828244234311653e-05,0.22100113293038243,6936.43208600788,2.527824584550896e-10,-112.53964878760033,-113.71133505029803,-8.259047619050221e-07,1.613446327575993e-05,-7.996579724409478e-07,1.312466019872522e-08,2.0421145709745117e-10,-101.41712975280689,-100.19825392793868
128,39954,2.567682316628288e-06,0.2503720128972577,2766.2667649234113,3.2854381636407234e-10,-135.7686622378729,-136.39338383018872,-1.3840600801068063e-05,6.945496911789963e-06,-1.1453241890066794e-07,9.286563096428486e-10,2.5550623870279203e-10,-120.2499401506689,-118.87466174298474
129,39955,8.099511985719503e-06,0.1713122405251638,1296.78903098176,3.873839233658197e-09,-143.20450944472915,-143.36677899756322,6.524514285714249e-05,3.780778571428566e-06,1.527650000000003e-07,-1.8390000000000029e-09,2.686710597142864e-09,-123.90086910407234,-122.1172285078511
130,39956,2.398266337440455e-07,1.2238598465984838,2706.892885930026,7.812421586753976e-09,-138.29422705519545,-138.4564966080295,8.140928571428447e-05,-5.1050900793650235e-06,4.1119607142857037e-07,-4.230277777777769e-09,2.832239443571447e-09,-123.53161838635904,-121.7479777901378
131,39957,1.8340713520903439e-06,0.5271004505877558,1793.4479075613751,8.048659415646992e-09,-138.08569308459934,-138.2479626374334,3.881428571428137e-06,4.726648809523842e-06,1.0052702380952277e-07,-1.3349999999999905e-09,7.389378739952381e-09,-116.81878679082115,-115.0351461945999
132,39958,2.6820454811136282e-06,0.5501697041040271,1513.5139056973924,4.165271669816793e-09,-142.6967613996433,-142.85903095247735,6.76621428571426e-05,9.47049999999967e-07,2.9553702380952507e-07,-3.2650833333333437e-09,8.858124498809558e-10,-131.66784266558997,-129.8842020693687
133,39959,5.4960171215631974e-06,0.05778309749325883,317.68764210506515,7.523449933989114e-09,-138.5580582979684,-138.72032785080245,3.4823142857142526e-05,2.180757142857155e-06,1.244284523809519e-07,-1.103583333333329e-09,7.260207032738107e-09,-116.9422340197934,-115.15859342357216
134,39960,2.128177195813855e-06,0.8592292576104547,11494.294282084282,1.8856944542527202e-10,-139.09988541222577,-139.7246070045416,1.3085925638408918e-07,4.1686017632330975e-06,2.512532075866309e-07,-1.249918637519942e-08,1.1922871358755706e-11,-138.63867000190038,-137.26339159421622
135,39961,8.688075555852288e-09,3.1445596799867728,58409.38966311583,2.9135857329419653e-12,-164.1203763113321,-164.74509790364795,-5.434809928093016e-06,3.0203177522070997e-06,-1.3540658686669078e-07,1.987215219621984e-09,1.1756725033049831e-11,-138.72286859186838,-137.3475901841842
136,39962,2.6500975090600783e-05,0.031394205956133125,63.0178441690087,1.6698803244000645e-06,-84.5671083922044,-85.19182998452024,0.0013591943128311139,6.330011989877312e-06,4.8801340651066466e-08,-6.116420234225298e-11,5.757637753505406e-07,-73.92870465256138,-72.55342624487722
137,39963,5.449471554291367e-06,0.924141961800339,126.35514120248611,7.558195267287578e-06,-134.9546321052359,-134.04687682625377,0.0019268071850767911,4.1316848703157695e-05,-8.0772915174334e-08,4.7577414470213726e-11,1.3609469991515058e-05,-92.69452711221763,-88.5764314612593
138,39964,2.2668157913925606e-05,0.09676604562990812,58.14869447595265,2.1678145947998466e-05,-55.743219082438245,-56.91490534513594,0.005274238017188315,-5.19594522783238e-05,1.7824477589280216e-07,-1.0663291949214498e-10,5.811942561515817e-06,-50.13578270534853,-48.91690688048033
139,39965,0.0095399529216743,-0.47729181452863756,0.38319703063649446,0.02981040991735878,-45.391099779491555,-44.799426047482896,0.0667973468175795,8.858315217050477e-05,8.726411722932455e-07,-7.473582184110298e-10,0.025709413498018856,-15.182210229934455,-11.998862765917139
140,39966,0.0005680198934020935,0.9564881178630494,3.338025882550001,0.017296622929920832,-57.59829095890649,-56.69053567992435,0.18313842623709511,0.0007885741561773198,-1.4398665560042335e-06,7.763633360986956e-10,0.027437947737165007,-16.605362964257758,-12.487267313299437
141,39968,0.01861110776342412,-0.4444636443047902,0.0,0.027340715010408294,-20.044081039618483,-21.21576730231618,-0.10128562590130555,0.008583428527345944,-3.701289740112261e-05,3.715396929386322e-08,0.006777897231767052,-14.828246069830172,-13.609370244961971
142,39969,0.010999616969860907,0.334415434318582,1.4523086325793408,0.003226209747342644,-30.729425980258156,-31.901112242955854,0.003020402409578296,0.01711867591391343,-6.0679356357552794e-05,5.092072516874351e-08,0.00020611449261604328,-32.29319800097452,-31.07432217610632
143,39970,0.015313991633657296,-0.47956504034676933,0.0,0.008000026365198813,-26.188741770459906,-27.360428033157604,-0.07351429165877206,0.002908571073292252,-6.5665426514770544e-06,4.8855830649154835e-09,0.0026434746397602984,-19.536109608961887,-18.317233784093688
144,39971,0.00033258908571367324,0.8912622127030818,0.7318337700455781,0.08781643329415803,-14.209722704646804,-15.381408967344504,-0.2922799633523211,0.014860507164586369,-3.991903455872963e-05,2.894318752719785e-08,0.012788314209203134,-11.65392161741095,-10.435045792542748
145,39972,0.19896505490451977,-0.22447249994892976,0.5225337171014297,0.9035905369061683,-32.36610815403038,-30.448936165184605,0.4503689560720591,0.013784689951141507,-3.4831786825830055e-05,2.356442921529551e-08,1.0257011287522952,25.138746010328887,34.16837663609673
146,39973,,,,,,,-3.1187871862863856,243.93278762866288,-295.72921554031103,104.24814048261078,76.71485010674255,38.317277398073465,39.69255580575763
147,39974,6.853973590221968e-32,3.77083121419118,0.0007358996950053154,116850.80933903652,65.26136278213504,64.6366411898192,-940.596842430362,0.00010827365791742773,4.668153177677599e-13,-4.759390101259323e-20,92035.31169963273,80.85627121436056,82.23154962204472
148,39975,1899.5963193115615,0.5949504790429886,0.0017163301915752438,578664.7641348615,74.86031477109292,74.23559317877708,-175.86790157331242,0.0001420148956764234,-6.539506582266931e-12,9.239622926562452e-20,5916.97316924907,64.39018743197019,65.76546583965435
149,39976,-0.5738893863094742,1.027190980807731,0.0005672656353843397,7324075.8513564095,103.02537174550808,102.86310219267402,-463.3105604261638,0.0005918904290213917,-3.0899290469092e-11,4.550983063331528e-19,546101.1374916631,106.71768471900077,108.50132531522202
150,39977,0.010944003719958906,0.39390928649323925,1.698038784198078,0.0005397895676957788,-60.291689330035354,-60.453958882869415,0.005866986413443777,0.015321499662994996,0.00038951312989996597,-1.730447197396863e-05,0.0004384794924857631,-39.881614181190486,-38.09797358496923
151,39978,0.00917895362651091,1.266624973194021,1.4679540242456341,0.017767964719508644,-35.833878289469176,-35.99614784230324,-0.05066651681232194,0.07137681481719817,-0.0019494462752524177,6.419565209064298e-06,0.016215277913321814,-14.608841379194523,-12.825200782973269
152,39979,0.018338496237442565,0.3939664485322444,3.32405040254677,0.0009163784526967857,-46.72104353927116,-47.345765131586994,0.015237574823859294,0.017041751164983587,0.0002730746289394847,-2.9475551176241904e-05,0.0004407333992071996,-34.08571683052441,-32.71043842284025
153,39980,0.0032660068315657495,1.8427820602707816,1.585870010985821,0.012155673015996472,-31.210312634985883,-31.83503422730172,-0.030957329517624668,0.05384677342340237,0.000624060861928603,-8.947677015022974e-05,0.011387726924267115,-14.57460895155323,-13.199330543869065
154,39981,1.3100380517453938e-05,-0.6735753067848966,0.0,6.354768833865648e-11,-145.6259397819377,-146.25066137425353,2.819999999999985e-05,-1.9087301587300813e-07,2.811904761904736e-08,-3.2222222222221897e-10,5.2394285714285786e-11,-129.75663590772524,-128.38135750004108
155,39982,0.00014334277121036065,0.06098610271679972,36.52942185136391,8.314787845777107e-05,-98.32903000163412,-97.73735626962547,0.003753021958640327,6.415265523074368e-05,-6.352295167193112e-08,2.020621785099157e-11,8.806290013661711e-05,-66.2712606191641,-63.08791315514678
156,39983,1.0837696257800423e-06,-0.9364634646696186,107.39944844496459,7.565874253213079e-13,-327.38638933193715,-326.192703513542,8.574981022287785e-07,7.322643102431186e-07,-7.269885174895152e-07,2.0056247980336044e-07,7.488320096818269e-13,-286.2830792198522,-281.0999170374652
157,39984,4.769437754956427e-06,0.33031032433999263,1469.7840052102542,2.963744224015088e-09,-122.57143137993674,-123.19615297225258,5.229756612473248e-05,8.111120882499745e-07,2.9067023272971464e-07,-2.9416705355151328e-09,5.214624321326162e-10,-115.96959770998747,-114.5943193023033
158,39987,0.001126470953877317,-0.7449742154769137,0.0,0.00035132856175363393,-189.1948882235855,-186.52377294989702,-0.003024719501254335,3.841213271552238e-06,-2.1171797042177867e-10,3.2994472649610473e-15,0.0001683473561839065,-127.35556454851121,-111.99998818006874
159,39988,1.1718840239969698e-06,0.19133053695809465,11.013705343428045,0.01095675867877695,-152.72474561817688,-149.59117830500662,0.014675463196145445,9.278367082526809e-07,6.954778103742041e-11,-1.2326786357103827e-15,0.00991140771069015,-65.23499951308271,-44.4335956340611
160,39989,9.227015215995225e-06,-0.4522030202652366,0.0,2.6329308544703996e-10,-187.09755882056953,-186.85923419553004,1.1374239548472307e-05,2.7212558940440525e-06,-7.45471723960179e-08,1.1419192593254046e-09,2.228032987671913e-10,-161.73037021838914,-159.33316250998996
161,39990,7.78865031944191e-06,-0.48658857461854527,6.424650340619564e-06,4.635289291145433e-10,-182.57275088050855,-182.33442625546905,3.5662413788677495e-06,4.39158530798505e-06,-2.2875163451572703e-07,3.904378786521875e-09,1.8125980269032806e-10,-163.38123372094418,-160.984026012545
162,39991,1.7609335822748787e-05,-0.07315033982806922,22558.598567654404,3.919575808129902e-11,-202.33515303103272,-202.09682840599322,1.5560239212051172e-05,2.6593027280296193e-06,-9.556932991268342e-08,1.1214677028532393e-09,4.4162176785112153e-11,-174.6777351784315,-172.28052747003233
163,39992,0.39004989444773036,0.4563635966676767,0.21827259602617732,1.0927986186588656,-12.976343683869025,-12.384669951860367,-1.0705575787839665,1.0973254323253372,-0.10309242569228978,0.0034884714351015983,0.9478675206714557,17.28400760808109,20.467355072098407
164,39993,3.501966800431619e-06,1.4369611936284796,6121.279176148458,2.5144852575533135e-11,-151.18876427113975,-151.81348586345558,-5.246087724883533e-06,1.1068166349806542e-05,1.5813406076354696e-06,-1.07890400136032e-07,4.07389081505587e-11,-131.2663194524151,-129.89104104473094
165,39994,1.7601134960746372e-08,0.8869526418304653,15940.883049572156,5.928482770232518e-10,-180.60419318375506,-180.36586855871556,-8.097602985390445e-06,6.749002021511478e-07,-2.225249561641095e-09,2.281563837323539e-12,5.209001350840966e-10,-154.93621797695724,-152.53901026855806
166,39995,5.3910248666152116e-08,0.6101024899861852,7545.114601896009,1.8435204320118684e-09,-171.5282428537891,-171.2899182287496,-1.0583671634107378e-05,8.291268381744039e-07,-2.0041141496821043e-09,1.7650777252773241e-12,1.8455427469143252e-09,-144.8164552497213,-142.4192475413221
167,39996,1.3890085065492159e-08,1.0245899247825236,6481.438987816486,1.5862860237906695e-09,-172.73049543043308,-172.49217080539358,-3.619974347064805e-05,1.6787902536081254e-06,-5.917930889523707e-09,7.547844369082524e-12,1.5594184800807171e-09,-146.16413863704148,-143.7669309286423
168,39997,2.0121051158012757e-16,5.250723312938322,4438.762642549634,5.65799867192428e-09,-162.55709712377757,-162.31877249873807,-9.875331612064333e-05,3.7588181468924994e-06,-1.289114546028932e-08,1.2591377513037097e-11,4.607719601714204e-09,-137.49677792797763,-135.09957021957845
169,39998,0.0009824171521465848,0.39538583673478894,2.168524034420113,0.005721116503094094,-51.94426273175435,-51.70593810671484,-0.0021739809429668243,0.0034764058410084713,-8.985224798436743e-06,6.691479357139884e-09,0.0015683643222441004,-35.59429208754521,-33.197084379146034
170,39999,0.00014032967672577683,0.9112914083559456,1.85377178601609,0.02800490449968272,-39.23853732098128,-39.00021269594177,-0.027671598214076013,0.005141486453175295,-1.4431314682988483e-05,1.115721514763327e-08,0.010164624263968946,-20.64325017246011,-18.24604246406093
171,40000,0.0008036866940418655,0.4626473312130298,0.7562643824194257,0.13437559507395416,-26.692463946660148,-26.45413932162064,0.022462339688626057,0.0032812302355024795,1.6722876943100908e-06,-5.125012086853888e-09,0.05194136443365975,-7.593634231546801,-5.196426523147622
172,40001,1.2471654690917742e-05,1.3647186926689252,0.9917179693608438,0.1232564501679263,-27.383437400710918,-27.14511277567141,-0.007970719755791814,0.0038407082372123986,-3.2686827850974947e-07,-4.018396119184514e-09,8.433834951821293e-05,-58.97790683592902,-56.58069912752984
173,40002,5.698073326788009e-06,-0.38780420185782555,2.538645367033965e-06,2.913775579792642e-09,-145.19808406975173,-145.3603536225858,1.2563791281181864e-05,2.4588509843529344e-06,-4.898770998296361e-08,3.088950232294944e-10,7.140000648132652e-10,-133.1771980182204,-131.39355742199913
174,40003,7.989548718679763e-07,0.5906335224340064,3472.922994137875,5.472888167804355e-09,-140.7855865523935,-140.94785610522757,7.430870022800318e-06,2.0843149672503714e-06,3.81197627246347e-08,-3.4065751592952517e-10,3.1625019493102343e-09,-122.75954814409374,-120.9759075478725
175,40004,0.00018119119481365653,0.4991142792795887,289.3684104128774,3.30467305344006e-06,-175.26095597005244,-173.80623602068843,0.0003195119194899777,7.798338949461981e-05,1.5003699052508739e-05,-5.774731185443841e-07,2.268067779142595e-06,-133.72334245128553,-127.35918260319353
176,40005,0.00037348187862731874,1.8081961831432296,279.0509384181259,7.581275343789089e-06,-165.29682925309348,-163.84210930372947,-1.4162573948615955e-05,0.0008210616755258454,-4.818326013174717e-05,7.676100513036245e-07,4.004905813773802e-06,-126.90024093911086,-120.53608109101886
177,40006,0.00015779352263929145,1.2988375373112386,308.1793316899116,1.2213742214737818e-06,-187.2052868626554,-185.7505669132914,0.00016529095418273254,0.0004412485164820435,-2.011089451418655e-05,2.8701603913001915e-07,1.842350115355969e-06,-136.21797777706,-129.853817928968
178,40007,0.0013795046594476637,0.6363002591292294,218.5863672626445,5.369655172852053e-06,-169.4358421789785,-167.9811222296145,0.0011199882158794158,0.0005079872344320966,-2.0235304216970783e-05,2.112614197739623e-07,3.0213924006011816e-06,-130.28186827691815,-123.91770842882615
179,40008,0.0005583264429164963,0.8009602407264194,189.00902565717587,2.544815360458578e-06,-113.68715201753233,-113.44882739249282,-0.00010422016233766603,0.0008341998949314593,-2.8896002164502443e-05,-4.2848800505049127e-07,2.0406600079371696e-06,-88.75041395521374,-86.35320624681457
180,40009,0.00033218088603163923,1.0590699142588877,177.8691649136529,7.749109732699357e-06,-165.0340709302264,-163.5793509808624,-0.0002558997010167189,0.0009288431785921505,-4.614716393968321e-05,6.86640907725117e-07,5.715164076237201e-06,-122.63300561706575,-116.26884576897375
181,40010,0.04272643040632327,0.05320493603631321,6.517009154549669e-13,5745.572716227549,47.18655243356906,46.561830841253226,-106.4257968038122,0.11616622444770881,-5.514492384718399e-06,1.8358330115095662e-10,708.8146539631449,51.65827002351412,53.033548431198284
182,40011,6.872638612096291e-08,5.704183305219637,14012.525339417463,1.8645185597467776e-12,-137.08728076749946,-138.25896703019717,6.317772167201741e-05,-0.00010912241325714852,5.2824110717151275e-05,-6.230113526461192e-06,1.7611402889488376e-12,-125.18310235623048,-123.96422653136227
183,40013,91.57561288002691,-0.04617053333115988,2.0058456117519197,0.004688068647013147,-53.537409002882136,-53.29908437784263,0.3522468868784842,1.9655559154600173,-7.706674466885187,7.042871235269477,0.009361155849868658,-21.302007865226724,-18.904800156827545
184,40014,1.0429679173473907,-0.7746661324553271,0.5839137760622075,0.0048972851012768935,-44.85489106203285,-45.01716061486691,0.30170808576381875,2.379110942987668,-8.205133042286091,7.373698137521779,0.006024299242166416,-21.539910381588943,-19.75626978536769
185,40017,5.667703711487951e-07,1.6546464809509653,848.802465667445,7.416274804807515e-07,-482.5054517809779,-478.5088382504523,-0.0004196092426052402,7.632278324800876e-05,-1.2035875199089777e-06,5.863783276450504e-09,7.220595678635161e-07,-359.7935979551853,-324.4884852008052
186,40018,4.865216122628323e-05,0.041184284727164566,484.73330006975885,1.2657257770607952e-06,-521.4294141075976,-517.1274524941422,0.0005807042939562624,-3.150763473679247e-05,2.3285300157431e-06,-2.967370732776516e-08,1.1650798724783105e-06,-386.0237625904651,-343.87212086488097
187,40019,2.059525368020484e-05,0.0652833163700935,0.0,4.331867830928176e-07,-459.6650276264794,-455.89073801241494,0.001131809680086928,-0.0001379302569287513,6.990796231924199e-06,-9.201160550507131e-08,3.1774587788780093e-07,-353.9380676561105,-323.0018472816164
188,40020,2.1916221565826773e-05,0.190673201378586,798.5896263605563,7.09329557474091e-07,-465.27912653559554,-461.39161593758257,-0.0006125648286879679,0.00012548807569113984,-4.673359265239068e-06,5.996430761386808e-08,6.62819870482049e-07,-348.4875040395068,-315.3874192554029
189,40021,7.239845289114724e-06,0.624448155126514,1888.0242268542554,1.8499395671525074e-07,-344.5002515014706,-341.66693456397127,3.2137333333325345e-06,2.1675389999999917e-05,-2.46679333333329e-07,-5.411000000000265e-10,1.8443940470253345e-07,-264.637628629323,-247.52660496265995
190,40022,2.461502136952693e-06,0.6548377067736869,4484.52359317465,2.990946955617165e-08,-379.1210638875707,-376.2877469500714,0.0006425214803387676,-0.00010424344296228939,5.682845538414945e-06,-8.495360455736965e-08,2.3467538399866732e-08,-303.80998293534367,-286.6989592686806
191,40023,5.842565058250329e-06,0.4057269887642144,6.223379589442857e-10,8.74402399677195e-07,-105.2694471334116,-105.43171668624566,0.00025566654236018307,3.606134832976422e-05,-3.1113283550206557e-07,2.105575281445146e-09,4.312404743482646e-08,-104.47052693066821,-102.68688633444697
192,40024,8.587944114368295e-05,0.030283532487919356,4.700596401227348,1.063174604543762e-06,-103.9011295533008,-104.06339910613487,0.0007384544829307203,2.278659294305085e-05,1.26614014578071e-06,-5.0864701462780795e-09,4.2034887670322954e-08,-104.6495929110853,-102.86595231486406
193,40025,1.1238082170716353e-08,1.6673389333441588,187.89222940267257,1.991960773705993e-06,-164.76715000079668,-163.57346418240155,0.0006094569323763711,-2.761236415626879e-05,5.564518011886224e-07,-1.6969416454056776e-09,1.339087502901643e-06,-127.91894385372171,-122.73578167133475
194,40026,6.870418161394238e-05,-0.11660178708024155,5.017222304282143e-08,4.626695686388844e-06,-93.60704437848125,-93.76931393131531,0.001448418121142831,-1.3097478755049007e-05,5.286986452457152e-07,-1.5775172613205948e-09,3.6098616973614546e-06,-73.47911925985682,-71.69547866363557
195,40027,6.877882261482452e-05,0.43495980144117485,10.413664135007947,5.705395271821926e-06,-122.44190582306408,-121.85023209105542,-0.0013336328583939377,0.00034264047733614534,2.2122718163882377e-07,-2.4112377178171827e-09,1.04235648166573e-05,-85.4771008033522,-82.29375333933488
196,40028,0.0006763247781954554,-0.48424318611021894,3.1996960561109233e-06,3.849235961066083e-05,-78.77672655963794,-78.938996112472,0.005546875157631233,-0.0001393275445029455,2.082058335347437e-06,-6.208613647080213e-09,6.4567389701051634e-06,-69.40893477562807,-67.62529417940682
197,40029,5.407040817195783e-05,0.10082428926319476,221.05155836289723,6.8109968698864895e-06,-135.99557158266634,-135.0878163036842,0.0003657772966232067,1.8270755714161347e-05,5.033751883361738e-07,-3.886079255330306e-09,6.346652239404511e-06,-100.32291117059518,-96.20481551963685
198,40030,0.0002572268853043823,-0.36523453739489536,3.6830027916323616e-10,4.81037306336096e-06,-78.21897231679183,-78.84369390910767,-0.00030992510900348556,0.00022018518812825404,-4.5338767876285676e-06,2.5343586984849872e-08,1.5576158384576606e-06,-67.95741970354503,-66.58214129586086
199,40031,0.00022103001628050309,-0.7338797509846237,0.0,4.491568998929984e-08,-186.21063753264406,-185.30288225366192,0.0003195229764281115,8.752592103701049e-06,-5.874234312194648e-08,1.5143833471953187e-10,4.018569876408817e-08,-150.9446268333805,-146.8265311824222
200,40032,0.0002836222401696736,-0.9747311525641564,0.0,1.7326318903918253e-09,-148.83674086724932,-148.99901042008338,0.00029497345979789406,3.010054634433038e-07,-2.8269151941754442e-09,1.9100856654553063e-11,1.0124510606356278e-09,-130.73247315155683,-128.94883255533557
201,40033,0.1966688000414203,-0.800491018207137,2.7909785475485043,0.11889042700711139,-240.42334961103163,-235.21034075618152,0.14782254905443837,0.0005825361512715208,-8.887368676155162e-07,8.317639557225058e-11,0.12420741223741961,-47.39498929806045,22.374125814990904
202,40034,4.6709810283787e-08,0.7632031061364992,0.0,1.2017173110723168e-14,-372.95368443237606,-371.75999861398094,-2.0865756536338777e-06,3.0694395219721993e-06,-1.4274578745872316e-06,2.2761064295374077e-07,1.120134691498704e-14,-332.51036626958916,-327.3272040872022
203,40035,-0.010541392365224762,-1.0000482835254507,94.90813073425747,26954.630006384,180.57586341447154,184.23249088907613,-4.81864772055712,0.9517460071232605,-0.0030305898137262073,2.6181501137689725e-06,16180.11305345489,276.76348548409396,305.5787536311944
204,40036,-0.5728409968150293,-1.0010552696829609,1.7593662742395666,1393029.9007001752,269.2545092916348,272.78867078267865,-27.732031882348394,2.472666178139121,-0.0041843278105626125,2.8281563634871884e-06,1260422.1698944564,370.9627323442152,397.7018627815221
205,40037,-0.01990195918777261,-1.0005578320765287,50.45712261496667,4091.225667509566,116.71362625318372,119.847193566354,2.013980472656869,0.018296866486955925,0.0005078074213414557,-7.308480827781387e-07,2995.6762920581236,199.76387833629593,220.56528221531755
206,40038,0.46376641393093143,0.20673970524120397,1.4134419918636034,0.18801631009707737,-164.53522614302526,-160.0457034586258,-0.021421420804833023,0.3853350672210431,-0.08764567095534606,0.006239485112045835,0.1797885158780283,-18.361949347695713,28.533277496298695
207,40039,0.4409564015394367,0.2994641668318902,1.910738663106922,0.14590179499332223,-179.34018953828866,-174.76110796444016,-0.018985238086697317,0.33484817511220866,-0.08120614910537027,0.00595057836208003,0.13619899950920825,-29.19213743442829,20.125038828672714
208,40042,1.4991439348714773e-07,1.7717939250736787,276.21749992079356,0.00013530796252627156,-1171.905870952894,-1164.4738605094594,8.858787146347094e-05,5.1134812374029424e-05,-2.1101605824413354e-07,2.6013714546652407e-10,0.00013840684370691506,-756.1800077484003,-543.6063785177527
209,40043,0.0001095724531066004,-0.2838305694262235,229.8295944765164,5.621655329252381e-05,-1249.199978237954,-1241.7679677945193,0.0005069471561478427,1.5067127022695849e-05,-3.345838383784119e-08,2.4024491815019018e-11,5.629989579426793e-05,-835.3364307175469,-622.7628014868993
210,40044,0.0003974275164346933,0.4376405277080011,5.31190076917717,3.1520646401275195e-05,-53.87152848982153,-55.043214752519226,-0.007702153359377481,0.0018714574890324046,-7.386955770153838e-06,1.0260057962563801e-08,1.8325397141080104e-05,-44.39391742179734,-43.17504159692914
211,40045,0.00015673261291210993,0.3895552564782188,47.98604916277947,0.00038421716556586685,-295.3237663895143,-291.4362557915013,-4.4061067212970545e-05,0.00035615150364098127,-1.3811741972732394e-06,-6.234657208160272e-09,0.00037368648899646466,-177.45143576281072,-144.35135097870682
212,40046,0.00012221717183177256,0.7198958409280428,49.170386339102016,0.0005125182041278816,-240.3683764950298,-236.96189384724235,-0.0006855270421567675,0.0006139814842066601,-5.512029080389572e-06,1.4860509968833627e-08,0.00045205025607566454,-143.98468999996226,-119.27480568137926
213,40047,3.948394962818522e-06,0.3766545687081788,1186.3223585497415,4.192037676345712e-07,-1379.2018754938842,-1372.330497170439,-8.202087257313739e-07,7.884056798380533e-06,8.149419533621392e-08,-1.1637820550386943e-09,4.1606947289158146e-07,-1038.584705315372,-876.2525444349847
214,40048,7.191845997495044e-06,0.15675421273439819,200.9336656967889,2.482352645600562e-06,-1212.9978410734404,-1206.2098014423166,1.334904446775399e-07,1.1549330438259004e-05,-5.489867097356244e-10,-3.0259165693461836e-11,2.464574626370945e-06,-882.018884036522,-726.1566523977125
215,40049,8.485308169338212e-06,0.13412868160349933,388.79841380283483,6.479581303686818e-07,-863.7907568264715,-858.1771537937478,-1.2604935727535527e-05,1.2814462340858426e-05,-2.8644311608768417e-08,1.9678560558959013e-12,6.478989355659557e-07,-643.5770429226748,-557.3729974318196
216,40050,0.28865361414309976,-0.6103245878787307,0.4290013825477441,16.830534525503094,-296.83378512652934,-287.96630395372557,0.48726481975059477,0.00709072327046454,-2.1795546015742223e-05,2.241786311426588e-08,17.047494724426866,379.9635635955725,792.8235246021478
217,40051,0.17311098319582113,-0.3357775290730665,1.4008940194048685,12.148554098571717,-220.45877012695775,-212.49688907648516,0.44454039348881585,0.0015953398963277725,-2.483548495844501e-06,9.838026777881387e-10,11.873137106776026,273.11049375798353,545.8144494740509
218,40052,1.927231850424606e-06,1.0087465242901645,4467.974817390604,3.869388933742837e-08,-1486.1255572779457,-1479.3800715517978,-6.716098442906822e-06,1.0298495861138607e-05,9.703141786126013e-08,-7.0872859897635136e-09,3.4596903011377116e-08,-1167.3083890009393,-1014.6592077836322
219,40053,2.0708541462812067e-06,0.9631642080474677,4318.742084583407,3.2491559282096355e-08,-1498.3546516452118,-1491.6091659190638,5.340877854670956e-06,7.148425795023939e-06,3.1408041687262837e-07,-1.1115601571510898e-08,2.5841257041060725e-08,-1187.733818142877,-1035.0846369255698
220,40054,2.359822736940747e-06,0.8098358462630659,6689.096961730661,6.245033319407155e-08,-1452.617265494548,-1445.8717797684,-7.933802076124695e-06,9.464048574037463e-06,-1.3673286270390536e-07,-8.078374303152568e-10,6.168696992851858e-08,-1126.8267901796285,-974.1776089623213
221,40055,1.4764758929876828e-05,-0.426887699895517,941.4294208468065,2.4667026268436222e-08,-1517.6405587281101,-1510.8950730019621,-3.854488581315152e-06,9.70273204914322e-06,-4.434626331047147e-07,7.590458297289539e-09,2.3786130913071752e-08,-1193.5346935556834,-1040.8855123383762
222,40056,0.0001730498456103478,1.4795652455846025,26572.59931664135,1.9946923579869558e-10,-113.72399505223305,-114.89568131493075,2.16954130466797e-05,-8.639759976439506e-05,0.00016255832719776276,-5.833391253129172e-05,5.2583861728758424e-11,-108.20086350263087,-106.98198767776266
223,40057,3.0106144301977657e-05,1.0036013586432422,835.4638644180735,1.2907361646694674e-08,-113.74336492374479,-114.36808651606063,-7.560662447559754e-05,0.00011935809339506788,-2.0363710797605466e-06,-5.676884976465745e-08,6.383895428868937e-09,-100.94021855964884,-99.56494015196468
224,40059,6.681017929774833e-05,0.7919139016893071,1174.516437986996,4.8912419214729184e-08,-165.27413170538216,-164.68245797337352,-0.00012702498589902206,0.00019009440424875646,-1.4210831456055496e-05,3.5532248302705036e-07,3.70296576214414e-08,-136.23804779071494,-133.05470032669763
225,40060,3.7642353429339814e-05,0.4883681965638421,900.4035486684963,1.9070930865772923e-08,-90.92269258930908,-92.09437885200678,0.0003073175999999975,-4.989464285714305e-05,1.0888636160714306e-05,-3.604257812499999e-07,8.51465269612855e-09,-82.76519078494871,-81.54631496008051
226,40061,1.6880207139067436e-07,2.0210825520911566,2704.2188221588804,6.6974854095271184e-09,-161.20780187749907,-160.96947725245957,0.00013277180774879483,6.951496950656754e-06,-5.83929321401125e-08,1.4794920739863597e-10,2.2708024568459936e-08,-124.73689555983435,-122.33968785143517
227,40062,2.878331214233027e-06,0.4600303758759985,1968.9033237091141,6.293166221523756e-09,-161.7059444857029,-161.4676198606634,7.05817944985972e-06,8.1078312222539e-06,-4.5913288815090714e-08,8.240238178803013e-11,5.796237968017536e-09,-135.66096985053906,-133.26376214213988
228,40063,4.0768566313026886e-07,-0.805152782518672,86.50629608704008,2.791051127308057e-12,-494.44287517839075,-491.9432351462221,2.003559666384773e-06,1.827962605236724e-11,1.4158102415065372e-15,-2.4476888790052847e-20,2.106661350350894e-12,-428.98130096014455,-415.31631414335754
229,40064,6.406845798471121e-07,1.7743825769935955,281.02348558745456,1.0111488196446934e-05,-237.69587854948,-235.19623851731134,-0.00033866690862660505,8.811082902481239e-05,2.2669505010589093e-07,-9.634116881121872e-09,9.357961552474932e-06,-168.76852897881525,-155.10354216202822
230,40065,4.8911641675591536e-06,0.5883821889758653,421.81698508544906,6.283933377106874e-06,-309.46277442411076,-306.3292071109405,-0.00020139854828094155,4.394063021828591e-05,-4.468486945781044e-07,2.254394488742087e-09,6.290786931723132e-06,-219.84446491819628,-199.04306103917466
231,40066,1.945808189240696e-05,0.27324525349585344,4.5421000294254554e-11,0.00021944914956326854,-173.15165983019364,-170.8338936634743,-0.0024399248550984742,0.00019171193409194925,-1.22896872951167e-06,3.3936843712740687e-09,0.00018741803296604535,-110.27008994367796,-98.2264365545608
232,40067,7.695371303971171e-06,0.4077888449750681,24.90612684159807,0.00042402483823697154,-268.6148587142182,-264.9582312396136,0.001298846730605276,-1.8801356541713395e-05,6.067332362097466e-07,-1.3951256301354805e-09,0.00041929133926882605,-159.94858294184002,-131.1333147947396
233,40068,0.013278067637187202,-0.83717288887733,0.0,5.311563803787208e-05,-63.80879184388017,-64.43351343619601,0.015782286071802668,-0.00022371210710752992,1.6314929236422127e-05,-1.2945520094767637e-07,1.558374129460017e-06,-67.95449944632291,-66.57922103863875
234,40069,0.022681166821194282,-0.8890871962385495,0.0,0.0003544892971727705,-52.419551238048086,-53.04427283036392,0.0285065463886193,-0.00079947596834037,1.8785546606745446e-05,-8.721462891174006e-08,2.7088298966643023e-05,-50.82174659151894,-49.446468183834774
235,40070,0.09176696269046798,-0.5059454191519248,15.39548732858275,0.001078787076446356,-45.742064493375054,-46.36678608569089,0.02750407894454888,0.005338057946375078,-0.0001522976234050482,1.0308889988951733e-06,0.0004062569675202725,-34.57444245880187,-33.199164051117705
236,40071,0.1858043371835458,0.3564259274568369,13.918467164560923,0.0013210877427390327,-44.52635582053858,-45.15107741285442,0.03476737270352538,0.008596966826436812,-0.00024916788005565444,1.6681187718857192e-06,0.00011507712696502535,-42.14274232774061,-40.76746392005645
237,40072,0.04368128858466918,-0.6678315243573071,3.942597880144911,0.0009093667046009708,-46.76712959377415,-47.39185118608999,0.03834188657341958,0.0028334364215637413,-3.579669875754635e-05,1.4351188702897094e-07,0.0008690645806917786,-30.011853133067312,-28.63657472538315
238,40073,1.97361591949298e-06,6.520236967746653,12.261025277412848,0.00011206490055940224,-59.329151126666105,-59.95387271898194,-0.008055089690026985,0.012683763471040468,-0.0003131307506046689,1.9447820809860914e-06,0.0007944809023060608,-30.55022407481693,-29.174945667132768
239,40074,0.03593844843659498,-0.22140358427628,12.887163686719587,0.0011763516626801637,-45.22258146326331,-45.84730305557915,0.014798781829001493,0.007119087981961606,-0.00016772323562528393,1.01241570279489e-06,0.00042001212594852807,-34.374656271697916,-32.99937786401375
240,40075,0.015297615663171608,-0.7742663161268063,1.2140909669039548,0.00017802883945016218,-56.5519468238462,-57.17666841616204,0.017735891855633158,8.437754710371388e-05,1.4400961969819937e-05,-1.3172576533528636e-07,0.00012659187204056515,-41.57054793015126,-40.19526952246709
241,40076,0.014266574032881372,-0.1466461303913034,10.319876016552586,0.001208494771736013,-45.06083491980353,-45.68555651211937,0.009476859520306045,0.005354914571602225,-0.00011644907145981819,7.074747947747057e-07,0.001197303020366884,-28.08939682449003,-26.714118416805867
242,40077,6.74585741102151e-14,23.085016248819336,1364.7550803104623,6.119942512894528e-07,-90.58981450214486,-91.2145360944607,4.883287569442199e-05,0.00016320754403093392,-4.834442581469007e-06,3.2606105246135815e-08,8.696167925511879e-08,-85.27008411886305,-83.89480571117889
243,40078,0.0030478525226569006,-1.0725763069272334,1.6328966867540373e-07,5.017207454731148e-06,-77.96637919314055,-78.59110078545639,0.0027180327760770594,-5.549158400041373e-06,-7.484147669541165e-10,6.909958222158123e-12,9.234770624234239e-07,-71.0940136685499,-69.71873526086574
244,40079,2.111624410629375e+44,-16.521613322195865,206.52821062153146,8.223658621797399e-06,-75.00152897601922,-75.62625056833505,0.00530590831730691,-1.687645946879541e-05,6.230123175010915e-08,-4.808902337327967e-11,4.625198247872837e-06,-61.42724235799385,-60.051963950309684
245,40080,6.095335702843236e-08,2.52746195709187,106.38254042075884,1.1310195481177383e-05,-73.08939271973962,-73.71411431205546,0.0037264535752614975,7.068266456498499e-05,-1.8158587064535184e-07,1.1527223546357685e-10,1.766568822677908e-05,-53.38661232493532,-52.01133391725116
246,40081,0.00031270432141591815,0.03988699249981283,41.02030479868125,7.483723344858622e-06,-75.56723751406315,-76.19195910637899,0.005082478204152854,0.0001046162014144513,-1.8959610771995706e-07,1.0198761021857915e-10,4.326491833674994e-06,-61.827815683398654,-60.45253727571449
247,40082,0.0002813624042951222,0.08572773759953675,28.565666058119607,5.652392688667615e-05,-63.4356359637861,-64.06035755610193,0.002123126154077908,0.00021532549866977574,-4.983272948212939e-07,3.171711525047447e-10,1.096977941377244e-05,-56.24549276899078,-54.870214361306616
248,40083,8.658173422347517e-05,0.30826998217690876,25.29747948806963,0.00013774976317853558,-58.09098779023719,-58.71570938255303,0.005522057513529112,0.00010941448062461033,-4.7921455309693515e-08,-3.5468133241303e-11,5.815698804528557e-06,-60.052992055708216,-58.67771364802405
249,40084,8.039345353797784e-06,0.7813612819646799,24.20702377137489,8.562967229129021e-05,-60.943428991158484,-61.56815058347432,-4.005296074268577e-05,0.0001989833707622603,-2.9888738866754825e-07,1.3686585553940174e-10,4.367910128471724e-05,-47.9551392272495,-46.57986081956533
250,40085,3.0332858473049267e-05,0.577329017404585,33.67849905714096,7.433769542345708e-05,-61.79191117977187,-62.41663277208771,0.00019944144011915652,0.0002153347404618812,-4.935704589336447e-07,3.104822158109039e-10,3.6712225531398e-05,-48.99769884268991,-47.62242043500574
251,40086,0.0002958607783341806,-0.0040539869228315316,18.070730900522314,2.8806059522056875e-05,-67.48010557266,-68.10482716497583,0.001597962633684331,0.00020588501061672294,-3.665079507065984e-07,2.0596735837416486e-10,2.21787843050793e-05,-52.02154074464473,-50.64626233696057
252,40087,1.8261014910873338e-05,0.43564302511151176,25.03558691980565,2.0159082470159653e-05,-69.62169058450652,-70.24641217682236,0.0011244946660499678,9.328757127236851e-05,-5.7423124978968034e-08,-2.1380747151818766e-12,8.364944465122843e-06,-57.87205959194073,-56.49678118425657
253,40088,8.626164296813354e-06,0.8354082753337055,478.4844198164298,2.554646601822075e-07,-95.83164733445754,-96.45636892677338,0.000359900063032248,3.0496499741884604e-05,1.592590301340056e-07,-3.473088401364411e-09,1.4712394810350098e-07,-82.11523694333447,-80.7399585356503
254,40089,2.7110664745687447e-05,0.03631668021158806,9.044167015304083e-08,1.1033979976010105e-06,-87.05325312054757,-87.6779747128634,-0.00027507143667038697,8.969395396621366e-05,-1.8174605023152524e-06,1.3569115862552729e-08,6.320792036475122e-07,-73.36880118746016,-71.993522779776
255,40090,2.5492905683416115e-07,1.6065615248006986,333.1943372289041,6.105978079707846e-07,-90.60352089503725,-91.22824248735309,-0.0012250262664605593,0.00011898932547194209,-1.4261328497990945e-06,6.692368485078343e-09,6.428927098472063e-07,-73.26702232898091,-71.89174392129675
256,40091,3.111622664781273e+49,-27.52459672101251,599.6511081796582,8.960450428693444e-07,-88.30220774042128,-88.92692933273712,3.6212670468414498e-06,0.00010524698793208655,-1.7374355357306935e-06,7.663210411755492e-09,6.384390144182279e-07,-73.30873249611795,-71.93345408843379
257,40092,1.3317360072235467e-05,0.5755297591251216,451.95258152007403,8.363776895704988e-07,-88.7156700799772,-89.34039167229304,0.0013289761871481663,-6.453993479514116e-05,2.2490720346568666e-06,-1.6208751052938063e-08,5.595488658678022e-07,-74.10010426420762,-72.72482585652345
258,40093,5.034743754539695e-07,1.7532463588461646,461.2006451497034,3.032000157049103e-07,-94.80379560365432,-95.42851719597016,-0.0016312827003594774,0.0001950434071971284,-3.3716653389057464e-06,1.846670266564718e-08,2.016843065148359e-07,-80.22266762343716,-78.847389215753
259,40094,3.7750022900818655e-05,0.05756401272377771,2.773292706592656e-11,1.1868909535967516e-06,-86.61559669809536,-87.2403182904112,-0.0005668295167512438,0.00012630234625776498,-2.2404074037537645e-06,1.6223598265382296e-08,6.8123345763651e-07,-72.91945905870547,-71.5441806510213
260,40095,3.4535217294504267e-06,0.8820449714805008,284.913218543674,1.551851250124495e-06,-85.00692872409948,-85.63165031641532,0.003238713799942553,-0.00023678137151780484,6.468853427860997e-06,-4.3126030745357695e-08,1.1448141510629967e-07,-83.62041446056311,-82.24513605287895
261,40096,4.854031226591825e-07,1.6403255570723396,404.0955943424742,5.0898519627141494e-08,-105.51114880192246,-106.1358703942383,-0.0013588969547195906,0.00015073244769115598,-2.1366739755737174e-06,1.027249389182643e-08,3.8356401471336217e-08,-90.18136082131404,-88.80608241362988
262,40097,4.454981262818111e-05,-0.1940326372273665,6.25571328072283e-09,9.772557652648386e-08,-101.59717197020933,-102.22189356252517,0.0009731722790055837,-4.087182072763545e-05,1.1452996058075852e-06,-6.615730040038549e-09,3.0943262030542816e-08,-91.46995781595736,-90.0946794082732
263,40098,2.1136109250169413e-05,-0.8914950206076814,0.0,2.2632610893045673e-09,-548.0283104209699,-544.494148929926,1.1761476903338563e-05,5.264632546810159e-06,-4.442943364692514e-07,6.4684814932526506e-09,2.03406683465845e-09,-446.4817306816243,-419.74260024431743
264,40099,1.1138575037440424e-08,3.8506675797563337,13488.23984222452,3.088163575999106e-08,-833.2793438321764,-828.2127054698346,-3.987941313502026e-06,3.7262739608771583e-06,7.535844528652631e-07,-4.022111167622187e-08,2.7998490423173688e-08,-655.6847051754905,-591.1961653732749
265,40100,3.60789482434124e-08,1.811647116464223,50426.10930598022,3.7410240059813476e-09,-917.7114367487645,-912.6447983864227,5.887773103050304e-06,7.325900034373176e-07,-1.0871325477549712e-08,4.738014515358414e-11,3.6983287238673213e-09,-736.6554881319353,-672.1669483297196
266,40101,1.256521669926647e-05,-0.7103502521664048,6264.796176264538,7.644127789454852e-09,-1647.5515832718063,-1640.721584914758,1.127548663907997e-05,1.3705186983433708e-06,-4.758667668325904e-08,6.870470010303686e-10,7.725679393006371e-09,-1310.4603688791633,-1151.3704066670555
267,40102,2.2927542739700577e-14,1.5843877900037096,0.6448838233808785,6.539709144204233,-270.46001039816326,-262.6146488476395,-0.17362081278245742,4.750679875089808e-06,-3.2344850517215085e-12,1.8644111011850495e-19,6.78011432500531,209.81180186081392,468.09361251125733
268,40103,2.476133228760094e-07,-0.003289226734671267,35672.6462592333,2.2303004995932486e-10,-188.42524913636666,-188.18692451132716,5.956925480718198e-06,-1.9963768639456216e-07,4.417919612706737e-09,-1.6538768520775732e-11,1.6378518151863732e-10,-164.19223912633308,-161.7950314179339
269,40104,1.066274299034916e-06,-0.39408375347729313,38210.76050192986,2.5189520252785083e-11,-205.87227690056574,-205.63395227552624,3.0031246162190898e-06,1.0077627032448565e-07,-1.915163516781493e-10,-4.225505136011989e-13,2.3166736615528816e-11,-179.83894486340492,-177.44173715500574
270,40105,1.0392360453988222e-06,0.6563659985790335,7066.5350412069865,1.6974834953970995e-11,-153.5462918078845,-154.17101340020034,-1.0307800623052938e-05,5.371894905625806e-06,-7.253980800503294e-08,3.3610175617822373e-10,1.568439495261875e-11,-136.99342351652047,-135.6181451088363
271,40106,1.3548257960924887e-06,0.5096906399065615,46050.42408634567,2.5258747962631107e-11,-124.05643239338502,-125.22811865608273,1.1576063561377868e-05,-2.9678724736117932e-06,4.6461159337117363e-07,-1.517645148463471e-08,7.27758294348766e-12,-118.0889158406525,-116.8700400157843
272,40107,1.920400566808896e-07,0.07921719778278742,0.0,7.968523926246987e-15,-164.3635751771406,-165.5352614398383,-2.708955367449058e-07,2.6906114531230086e-07,-9.629857637553604e-10,1.8600743875850574e-11,9.14274721046259e-16,-162.99980711776533,-161.78093129289712
273,40108,0.00018263459476774275,0.19142450618072407,20.268784000068198,0.004937556464322595,-589.6032246821777,-583.1738205030031,-0.0015989750734327968,0.00043478278083268354,-2.281618401455475e-06,4.254025958529805e-09,0.004845120519579307,-298.00757158999477,-167.4194880065028
274,40109,0.00028361930543163824,-0.14087435115471178,5.8224225440994815e-09,0.0026604380927278074,-706.4431800699259,-699.6976943437778,-6.066508651905177e-05,0.0002433688188619465,-1.1984020579256566e-06,2.721915184577073e-09,0.002541103831539192,-383.0042422053475,-230.3550609880404
275,40110,1.8921109120560316e-05,0.8433217362241421,53.033650440479406,0.0019610677296200895,-750.7871265412837,-743.9571281842356,-0.000813086465790096,0.00028182999619808945,-1.3696304321116877e-06,2.1267157096381192e-09,0.001982920618084606,-413.66209301343974,-254.57213080133192
276,40111,0.00031801031989260814,-0.5607882110825112,0.0,4.2896754619212227e-07,-92.72186424005915,-93.34658583237498,0.00040355575020317215,5.098163598509559e-05,-5.31433741613218e-07,2.0060888583914707e-09,2.682605039069398e-07,-78.51113821119311,-77.13585980350895
277,40112,0.20463634231471645,-0.6804339826153007,0.259920279728884,0.010065722706273423,-25.0402866550014,-26.2119729176991,0.2765339444362056,0.006374043091352183,-1.9159711441893537e-05,1.6210075622054096e-08,0.014326351557250972,-11.086077586552056,-9.867201761683855
278,40114,7.833701468948783e-69,53.005754364600726,7797.029781204615,7.226176790317056e-10,-107.28789372043317,-108.45957998313088,0.00016704596951496147,-4.1036724363544805e-05,2.74227376903965e-06,-3.882611025890321e-08,5.122922177723207e-10,-96.81843380943063,-95.59955798456242
279,40115,0.0003492554354897637,2.0863889960636235,5.759155332279284,0.00214327207151157,-41.62308648921451,-42.247808081530344,0.03672037781662666,0.007768155665688352,-0.00012285763287513775,5.666127678782923e-07,0.005581992901789157,-18.852550909875248,-17.477272502191084
280,40116,0.0014002087318509566,1.7945365884489817,2.556244958800164,0.004727672170511914,-36.87649085033141,-37.501212442647244,0.07932044671286244,0.01645844533779202,-0.00022528224665369165,8.937261740571303e-07,0.013740564049575786,-13.447712065237013,-12.072433657552848
281,40117,0.048816855049167475,-0.14735050065174568,1.2050608192682675,0.014096522736698971,-30.32151957395351,-30.946241166269346,0.13864779794448587,0.009755141208103764,-3.158637927061283e-05,-1.3839843290641448e-07,0.012690784773438667,-13.924569360648846,-12.54929095296468
282,40118,0.03408730313645837,-0.34957309120942237,4.591101493663686,0.001588168754105384,-43.42159873621799,-44.046320328533824,0.06839287063318862,0.0018013622754907968,-2.2445097631614523e-06,-5.083013811991318e-08,0.0016833809883230776,-26.04500050612505,-24.669722098440886
283,40119,0.038078691232935516,-0.13166429195493562,1.7151167658352025,0.003152040855604656,-39.308787686970334,-39.93350927928617,0.09151876287930506,0.009836558105557076,-8.471539131578215e-05,2.3333554806172604e-07,0.002474028141176354,-23.73474019876268,-22.359461791078516
284,40120,0.05286720918563723,-0.30464317036523575,0.8660572713047265,0.00740315061654213,-34.185654477705185,-34.81037607002102,0.13774478513277277,0.00673731655895154,2.183122825746421e-05,-3.734392530929703e-07,0.0017250338252752808,-25.89834613592724,-24.523067728243078
285,40121,0.002298350172793073,-0.12066390807956194,0.0,2.874190262826765e-05,-67.49348368398938,-68.11820527630522,-0.0023316004152202866,0.005263900628735914,-0.0006719233832908413,2.8618542814844745e-05,1.1882573333328457e-05,-55.76592035853377,-54.390641950849606
286,40122,2.1370863786096521e-07,1.342428468156406,22307.6563635889,9.792685674985897e-09,-649.2848241387726,-645.0812319937861,1.8187821428571376e-05,1.3527261904762484e-07,5.012580357142838e-08,-7.916994047619026e-10,8.425871573214283e-09,-520.6583769145452,-480.826047609667
287,40123,2.492208838920549e-05,2.0467260911963696,100.28408684868394,9.149968935925592e-07,-88.1766278153131,-88.80134940762893,0.0027080004956109302,0.0003617831957024283,-4.185924266072244e-06,1.2741394834408156e-08,1.0526039779748022e-05,-56.4932447680146,-55.117966360330435
288,40124,0.0005294582463336184,-0.08115239576141198,108.80716833338744,3.028186250586232e-06,-80.99583710440874,-81.62055869672457,0.0013900643075493006,0.00015434153597276924,-1.1914479476759582e-06,2.90114270855136e-09,2.737171373191468e-06,-64.57480751501551,-63.199529107331344
289,40125,5.983314906665141e-07,0.002173491148531644,76982.31927518394,1.0406336732936876e-09,-492.28712736224645,-489.1535600490762,4.241343733665867e-06,4.061998291042461e-08,2.3073872688795776e-10,-5.99546534632033e-13,7.954878948331e-10,-408.3329279893375,-387.5315241103159
290,40126,3.662893558812698e-12,2.2477126942835355,24534.442472875744,4.241019159738665e-09,-462.7826779953828,-459.64911068221255,1.0272734061478502e-05,-3.5776473724310976e-07,3.3266069400198374e-09,-5.139727729762364e-12,1.985715789202475e-09,-389.12256696056943,-368.3211630815478
291,40127,9.673406577929758e-06,-0.6492459644917817,11587.867593059069,3.0813337641603284e-09,-351.92787224998096,-349.6101060832616,1.4944143886769822e-05,2.8410461117018407e-07,-1.2773342417076811e-09,1.670193523035147e-12,3.1223662080137794e-09,-286.3101820542561,-274.26652866513894
292,40128,0.036286746758826594,-0.6517533055531576,0.0,0.012914159117581923,-38.06738778809353,-38.22965734092759,0.12748568861345103,0.0005117959717845278,-2.951124841920717e-07,6.745398661832507e-11,0.012539339214992453,-16.40842265393663,-14.624782057715375
293,40129,0.00023061014455307282,0.22344249994935317,0.3239375747971551,0.07347758369133864,-31.521731558012064,-31.283406932972557,0.05524775638941472,0.0007662681400996481,-2.9990480875165684e-08,-1.0157210318176674e-11,0.06607167654331364,-5.668636746196107,-3.2714290377969277
294,40130,0.05154993920477355,0.06743302842069804,0.5373348936333646,3.912244374307264e-05,-52.791260796564195,-53.96294705926189,0.08167087571300422,0.03558235688362664,-0.00029983456920476694,8.442082480803311e-07,0.007469922142581427,-14.342157742981726,-13.123281918113525
